,user_id,item_id,predicted
7,6,4,2.39261004653
8,6,7,1.92168181959
6,5,9,3.26374678109
5,3,6,1.7764800733
4,2,9,9.62642168449
3,1,6,18.2070604357
1,1,10,9.79504448285
0,1,8,7.92175013348
2,1,3,6.13872306595
